<?xml version="1.0" encoding="utf-8" ?>
<manifest identifier="Course_ID1" version="1.0" 
       xmlns="http://www.imsproject.org/xsd/imscp_rootv1p1p2"
       xmlns:adlcp="http://www.adlnet.org/xsd/adlcp_rootv1p2"
       xmlns:xsi="http://www.w3.org/2001/XMLSchema-instance"
       xsi:schemaLocation="http://www.imsproject.org/xsd/imscp_rootv1p1p2 imscp_rootv1p1p2.xsd
                           http://www.imsglobal.org/xsd/imsmd_rootv1p2p1 imsmd_rootv1p2p1.xsd
                           http://www.adlnet.org/xsd/adlcp_rootv1p2 adlcp_rootv1p2.xsd">
	<metadata>
		<schema>ADL SCORM</schema>
		<schemaversion>1.2</schemaversion>
		<adlcp:location>metadata.xml</adlcp:location> 
	</metadata>
	<organizations default="Course_ID1_ORG">
		<organization identifier="Course_ID1_ORG">
			<title>Captivate E-Learning Course</title>
			<item identifier="SCO_ID1" isvisible="true" identifierref="SCO_ID1_RES">
				<title>Course Object title</title>
			</item>
			<metadata>
				<schema>ADL SCORM</schema>
				<schemaversion>1.2</schemaversion>
				<adlcp:location>metadata.xml</adlcp:location> 
			</metadata>	
		</organization>
	</organizations>
	<resources>
		<resource identifier="SCO_ID1_RES" type="webcontent" href="index_scorm.html" adlcp:scormtype="sco">
			
			<metadata>
				<schema>ADL SCORM</schema>
				<schemaversion>1.2</schemaversion>
				<adlcp:location>metadata.xml</adlcp:location> 
			</metadata>
			
			<file href="ar/100038.mp3"/>
		    <file href="index_scorm.html"/>
			<file href="scormdriver.js"/>
			<file href="browsersniff.js"/>
			
<file href="ar/100105.mp3"/> 
<file href="ar/100172.mp3"/> 
<file href="ar/100251.mp3"/> 
<file href="ar/100659.mp3"/> 
<file href="ar/103727.mp3"/> 
<file href="ar/103825.mp3"/> 
<file href="ar/117165.mp3"/> 
<file href="ar/117167.mp3"/> 
<file href="ar/117169.mp3"/> 
<file href="ar/117476.mp3"/> 
<file href="ar/131026.mp3"/> 
<file href="ar/131099.mp3"/> 
<file href="ar/133262.mp3"/> 
<file href="ar/133676.mp3"/> 
<file href="ar/139568.mp3"/> 
<file href="ar/139648.mp3"/> 
<file href="ar/139666.mp3"/> 
<file href="ar/140110.mp3"/> 
<file href="ar/140112.mp3"/> 
<file href="ar/140116.mp3"/> 
<file href="ar/140124.mp3"/> 
<file href="ar/140126.mp3"/> 
<file href="ar/140128.mp3"/> 
<file href="ar/140134.mp3"/> 
<file href="ar/140138.mp3"/> 
<file href="ar/140140.mp3"/> 
<file href="ar/140144.mp3"/> 
<file href="ar/140148.mp3"/> 
<file href="ar/58733.mp3"/> 
<file href="ar/58818.mp3"/> 
<file href="ar/58903.mp3"/> 
<file href="ar/59073.mp3"/> 
<file href="ar/59158.mp3"/> 
<file href="ar/59243.mp3"/> 
<file href="ar/59328.mp3"/> 
<file href="ar/59364.mp3"/> 
<file href="ar/59615.mp3"/> 
<file href="ar/60438.mp3"/> 
<file href="ar/60443.mp3"/> 
<file href="ar/60448.mp3"/> 
<file href="ar/60453.mp3"/> 
<file href="ar/60456.mp3"/> 
<file href="ar/60461.mp3"/> 
<file href="ar/60466.mp3"/> 
<file href="ar/60471.mp3"/> 
<file href="ar/60474.mp3"/> 
<file href="ar/62391.mp3"/> 
<file href="ar/62520.mp3"/> 
<file href="ar/62523.mp3"/> 
<file href="ar/62526.mp3"/> 
<file href="ar/62529.mp3"/> 
<file href="ar/62532.mp3"/> 
<file href="ar/62535.mp3"/> 
<file href="ar/62538.mp3"/> 
<file href="ar/62541.mp3"/> 
<file href="ar/62544.mp3"/> 
<file href="ar/62547.mp3"/> 
<file href="ar/62692.mp3"/> 
<file href="ar/62729.mp3"/> 
<file href="ar/62732.mp3"/> 
<file href="ar/67140.mp3"/> 
<file href="ar/67176.mp3"/> 
<file href="ar/67212.mp3"/> 
<file href="ar/67254.mp3"/> 
<file href="ar/67290.mp3"/> 
<file href="ar/67332.mp3"/> 
<file href="ar/67368.mp3"/> 
<file href="ar/67404.mp3"/> 
<file href="ar/67440.mp3"/> 
<file href="ar/67476.mp3"/> 
<file href="ar/67512.mp3"/> 
<file href="ar/67548.mp3"/> 
<file href="ar/67584.mp3"/> 
<file href="ar/67642.mp3"/> 
<file href="ar/67678.mp3"/> 
<file href="ar/72229.mp3"/> 
<file href="ar/72265.mp3"/> 
<file href="ar/72301.mp3"/> 
<file href="ar/72337.mp3"/> 
<file href="ar/72406.mp3"/> 
<file href="ar/72442.mp3"/> 
<file href="ar/72478.mp3"/> 
<file href="ar/72514.mp3"/> 
<file href="ar/72556.mp3"/> 
<file href="ar/72592.mp3"/> 
<file href="ar/72628.mp3"/> 
<file href="ar/72664.mp3"/> 
<file href="ar/72700.mp3"/> 
<file href="ar/72736.mp3"/> 
<file href="ar/77170.mp3"/> 
<file href="ar/77206.mp3"/> 
<file href="ar/77242.mp3"/> 
<file href="ar/77278.mp3"/> 
<file href="ar/77314.mp3"/> 
<file href="ar/77350.mp3"/> 
<file href="ar/77386.mp3"/> 
<file href="ar/77422.mp3"/> 
<file href="ar/77458.mp3"/> 
<file href="ar/77494.mp3"/> 
<file href="ar/77530.mp3"/> 
<file href="ar/77566.mp3"/> 
<file href="ar/77602.mp3"/> 
<file href="ar/77638.mp3"/> 
<file href="ar/77674.mp3"/> 
<file href="ar/82289.mp3"/> 
<file href="ar/82331.mp3"/> 
<file href="ar/82367.mp3"/> 
<file href="ar/82409.mp3"/> 
<file href="ar/82445.mp3"/> 
<file href="ar/82481.mp3"/> 
<file href="ar/82517.mp3"/> 
<file href="ar/82559.mp3"/> 
<file href="ar/82601.mp3"/> 
<file href="ar/82643.mp3"/> 
<file href="ar/82685.mp3"/> 
<file href="ar/82727.mp3"/> 
<file href="ar/82763.mp3"/> 
<file href="ar/82799.mp3"/> 
<file href="ar/82841.mp3"/> 
<file href="ar/87263.mp3"/> 
<file href="ar/87305.mp3"/> 
<file href="ar/87347.mp3"/> 
<file href="ar/87383.mp3"/> 
<file href="ar/87425.mp3"/> 
<file href="ar/87467.mp3"/> 
<file href="ar/87503.mp3"/> 
<file href="ar/87545.mp3"/> 
<file href="ar/87587.mp3"/> 
<file href="ar/87629.mp3"/> 
<file href="ar/87671.mp3"/> 
<file href="ar/87713.mp3"/> 
<file href="ar/87755.mp3"/> 
<file href="ar/87791.mp3"/> 
<file href="ar/87833.mp3"/> 
<file href="ar/92255.mp3"/> 
<file href="ar/92291.mp3"/> 
<file href="ar/92327.mp3"/> 
<file href="ar/92363.mp3"/> 
<file href="ar/92399.mp3"/> 
<file href="ar/92435.mp3"/> 
<file href="ar/92471.mp3"/> 
<file href="ar/92513.mp3"/> 
<file href="ar/92555.mp3"/> 
<file href="ar/92597.mp3"/> 
<file href="ar/92639.mp3"/> 
<file href="ar/92681.mp3"/> 
<file href="ar/92723.mp3"/> 
<file href="ar/92759.mp3"/> 
<file href="ar/92795.mp3"/> 
<file href="ar/92844.mp3"/> 
<file href="ar/99881.mp3"/> 
<file href="ar/99904.mp3"/> 
<file href="ar/99971.mp3"/> 
<file href="ar/Mouse.mp3"/> 
<file href="assets/TOC_icons/collapseIcon.png"/> 
<file href="assets/TOC_icons/expandIcon.png"/> 
<file href="assets/TOC_icons/photo.png"/> 
<file href="assets/css/CPLibraryAll.css"/> 
<file href="assets/css/start/images/animated-overlay.gif"/> 
<file href="assets/css/start/images/ui-bg_flat_55_999999_40x100.png"/> 
<file href="assets/css/start/images/ui-bg_flat_75_aaaaaa_40x100.png"/> 
<file href="assets/css/start/images/ui-bg_glass_45_0078ae_1x400.png"/> 
<file href="assets/css/start/images/ui-bg_glass_55_f8da4e_1x400.png"/> 
<file href="assets/css/start/images/ui-bg_glass_75_79c9ec_1x400.png"/> 
<file href="assets/css/start/images/ui-bg_gloss-wave_45_e14f1c_500x100.png"/> 
<file href="assets/css/start/images/ui-bg_gloss-wave_50_6eac2c_500x100.png"/> 
<file href="assets/css/start/images/ui-bg_gloss-wave_75_2191c0_500x100.png"/> 
<file href="assets/css/start/images/ui-bg_inset-hard_100_fcfdfd_1x100.png"/> 
<file href="assets/css/start/images/ui-icons_0078ae_256x240.png"/> 
<file href="assets/css/start/images/ui-icons_056b93_256x240.png"/> 
<file href="assets/css/start/images/ui-icons_d8e7f3_256x240.png"/> 
<file href="assets/css/start/images/ui-icons_e0fdff_256x240.png"/> 
<file href="assets/css/start/images/ui-icons_f5e175_256x240.png"/> 
<file href="assets/css/start/images/ui-icons_f7a50d_256x240.png"/> 
<file href="assets/css/start/images/ui-icons_fcd113_256x240.png"/> 
<file href="assets/css/start/jquery-ui-1.11.4.custom.css"/> 
<file href="assets/css/start/jquery-ui-1.11.4.custom.min.css"/> 
<file href="assets/htmlimages/360_slide_OFF_Click.svg"/> 
<file href="assets/htmlimages/360_slide_OFF_Hover.svg"/> 
<file href="assets/htmlimages/360_slide_OFF_Normal.svg"/> 
<file href="assets/htmlimages/360_slide_ON_Click.svg"/> 
<file href="assets/htmlimages/360_slide_ON_Hover.svg"/> 
<file href="assets/htmlimages/360_slide_ON_normal.svg"/> 
<file href="assets/htmlimages/Answer_checkbox_correct.png"/> 
<file href="assets/htmlimages/Answer_checkbox_hover.png"/> 
<file href="assets/htmlimages/Answer_checkbox_incorrect.png"/> 
<file href="assets/htmlimages/Answer_checkbox_normal.png"/> 
<file href="assets/htmlimages/Answer_checkbox_select.png"/> 
<file href="assets/htmlimages/Answer_radio_correct.png"/> 
<file href="assets/htmlimages/Answer_radio_hover.png"/> 
<file href="assets/htmlimages/Answer_radio_incorrect.png"/> 
<file href="assets/htmlimages/Answer_radio_normal.png"/> 
<file href="assets/htmlimages/Answer_radio_select.png"/> 
<file href="assets/htmlimages/Graph.jpg"/> 
<file href="assets/htmlimages/HotspotDisplayImage.png"/> 
<file href="assets/htmlimages/HotspotDisplayText.png"/> 
<file href="assets/htmlimages/HotspotNavigation.png"/> 
<file href="assets/htmlimages/HotspotPlayAudio.png"/> 
<file href="assets/htmlimages/HotspotQuestionOverlays.png"/> 
<file href="assets/htmlimages/HotspotStaticActions.png"/> 
<file href="assets/htmlimages/Pause.gif"/> 
<file href="assets/htmlimages/Pause2x.gif"/> 
<file href="assets/htmlimages/Play.gif"/> 
<file href="assets/htmlimages/Play2x.gif"/> 
<file href="assets/htmlimages/Play_icon.png"/> 
<file href="assets/htmlimages/ThreeD_Close.svg"/> 
<file href="assets/htmlimages/ThreeD_HotspotDefaultGlow.png"/> 
<file href="assets/htmlimages/ThreeD_HotspotGlow.png"/> 
<file href="assets/htmlimages/ThreeD_Pause.svg"/> 
<file href="assets/htmlimages/ThreeD_Play.svg"/> 
<file href="assets/htmlimages/VR_menu_close_default@2x.png"/> 
<file href="assets/htmlimages/VR_menu_close_hover@2x.png"/> 
<file href="assets/htmlimages/VR_menu_close_select@2x.png"/> 
<file href="assets/htmlimages/VR_menu_default@2x.png"/> 
<file href="assets/htmlimages/VR_menu_hover@2x.png"/> 
<file href="assets/htmlimages/VR_menu_mute_default@2x.png"/> 
<file href="assets/htmlimages/VR_menu_mute_hover@2x.png"/> 
<file href="assets/htmlimages/VR_menu_mute_select@2x.png"/> 
<file href="assets/htmlimages/VR_menu_next_default@2x.png"/> 
<file href="assets/htmlimages/VR_menu_next_hover@2x.png"/> 
<file href="assets/htmlimages/VR_menu_next_select@2x.png"/> 
<file href="assets/htmlimages/VR_menu_pause_default@2x.png"/> 
<file href="assets/htmlimages/VR_menu_pause_hover@2x.png"/> 
<file href="assets/htmlimages/VR_menu_pause_select@2x.png"/> 
<file href="assets/htmlimages/VR_menu_play_default@2x.png"/> 
<file href="assets/htmlimages/VR_menu_play_hover@2x.png"/> 
<file href="assets/htmlimages/VR_menu_play_select@2x.png"/> 
<file href="assets/htmlimages/VR_menu_previous_default@2x.png"/> 
<file href="assets/htmlimages/VR_menu_previous_hover@2x.png"/> 
<file href="assets/htmlimages/VR_menu_previous_select@2x.png"/> 
<file href="assets/htmlimages/VR_menu_select@2x.png"/> 
<file href="assets/htmlimages/VR_move_left.png"/> 
<file href="assets/htmlimages/VR_move_right.png"/> 
<file href="assets/htmlimages/arrow_right.gif"/> 
<file href="assets/htmlimages/assessmenthotspotvisited.png"/> 
<file href="assets/htmlimages/assessmenthotspotvisited.svg"/> 
<file href="assets/htmlimages/assessmenthotspotvisited@2x.png"/> 
<file href="assets/htmlimages/ccClose.png"/> 
<file href="assets/htmlimages/checkBox_disabled.png"/> 
<file href="assets/htmlimages/checkBox_normal.png"/> 
<file href="assets/htmlimages/checkBox_selected.png"/> 
<file href="assets/htmlimages/checkBox_selectedDisabled.png"/> 
<file href="assets/htmlimages/checkboxchecked.png"/> 
<file href="assets/htmlimages/checkboxunchecked.png"/> 
<file href="assets/htmlimages/closeReviewButton.png"/> 
<file href="assets/htmlimages/correct_answer_normal.png"/> 
<file href="assets/htmlimages/correct_answer_small.png"/> 
<file href="assets/htmlimages/correct_question_normal.png"/> 
<file href="assets/htmlimages/correct_question_small.png"/> 
<file href="assets/htmlimages/dd_arrow.png"/> 
<file href="assets/htmlimages/expand_icon.png"/> 
<file href="assets/htmlimages/expand_icon@2x.png"/> 
<file href="assets/htmlimages/gesturemobileicon.png"/> 
<file href="assets/htmlimages/gesturemobileicon@2x.png"/> 
<file href="assets/htmlimages/gesturemobileimage2.png"/> 
<file href="assets/htmlimages/gesturemobilelandscape.png"/> 
<file href="assets/htmlimages/gesturetabletimage.png"/> 
<file href="assets/htmlimages/hotspot.gif"/> 
<file href="assets/htmlimages/hotspot_correct_answer_normal.png"/> 
<file href="assets/htmlimages/hotspot_incorrect_answer_normal.png"/> 
<file href="assets/htmlimages/img_trans.gif"/> 
<file href="assets/htmlimages/incorrect_answer_normal.png"/> 
<file href="assets/htmlimages/incorrect_answer_small.png"/> 
<file href="assets/htmlimages/incorrect_question_normal.png"/> 
<file href="assets/htmlimages/incorrect_question_small.png"/> 
<file href="assets/htmlimages/loader.gif"/> 
<file href="assets/htmlimages/loader_transparent.gif"/> 
<file href="assets/htmlimages/movieexpire.png"/> 
<file href="assets/htmlimages/partial_correct_question_normal.png"/> 
<file href="assets/htmlimages/partial_correct_question_small.png"/> 
<file href="assets/htmlimages/placeholder.png"/> 
<file href="assets/htmlimages/radioButton_disabled.png"/> 
<file href="assets/htmlimages/radioButton_normal.png"/> 
<file href="assets/htmlimages/radioButton_selected.png"/> 
<file href="assets/htmlimages/radioButton_selectedDisabled.png"/> 
<file href="assets/htmlimages/radiochecked.png"/> 
<file href="assets/htmlimages/radiounchecked.png"/> 
<file href="assets/htmlimages/sequenceReview.png"/> 
<file href="assets/htmlimages/skip_answer_normal.png"/> 
<file href="assets/htmlimages/skip_answer_small.png"/> 
<file href="assets/htmlimages/skip_question_normal.png"/> 
<file href="assets/htmlimages/skip_question_small.png"/> 
<file href="assets/htmlimages/toc.png"/> 
<file href="assets/htmlimages/vidbg.png"/> 
<file href="assets/htmlimages/vidfullscreen.png"/> 
<file href="assets/htmlimages/vidpause.png"/> 
<file href="assets/htmlimages/vidplay.png"/> 
<file href="assets/htmlimages/vidrewind.png"/> 
<file href="assets/htmlimages/vidslider.png"/> 
<file href="assets/htmlimages/vidstop.png"/> 
<file href="assets/htmlimages/vidvolume.png"/> 
<file href="assets/htmlimages/vidvolume2.png"/> 
<file href="assets/htmlimages/vidvolumemute.png"/> 
<file href="assets/js/CPM.js"/> 
<file href="assets/js/CPXHRLoader.js"/> 
<file href="assets/js/OpenAjaxManagedHub-all.js"/> 
<file href="assets/js/jquery-3.3.1.min.js"/> 
<file href="assets/playbar/PlaybarIcons/AudioOff.png"/> 
<file href="assets/playbar/PlaybarIcons/AudioOn.png"/> 
<file href="assets/playbar/PlaybarIcons/BackGround.png"/> 
<file href="assets/playbar/PlaybarIcons/Backward.png"/> 
<file href="assets/playbar/PlaybarIcons/CC.png"/> 
<file href="assets/playbar/PlaybarIcons/Color.png"/> 
<file href="assets/playbar/PlaybarIcons/ColorSmall.png"/> 
<file href="assets/playbar/PlaybarIcons/Exit.png"/> 
<file href="assets/playbar/PlaybarIcons/FastForward.png"/> 
<file href="assets/playbar/PlaybarIcons/FastForward1.png"/> 
<file href="assets/playbar/PlaybarIcons/FastForward2.png"/> 
<file href="assets/playbar/PlaybarIcons/Forward.png"/> 
<file href="assets/playbar/PlaybarIcons/Glow.png"/> 
<file href="assets/playbar/PlaybarIcons/GlowSmall.png"/> 
<file href="assets/playbar/PlaybarIcons/Height.png"/> 
<file href="assets/playbar/PlaybarIcons/InnerStroke.png"/> 
<file href="assets/playbar/PlaybarIcons/InnerStrokeSmall.png"/> 
<file href="assets/playbar/PlaybarIcons/Pause.png"/> 
<file href="assets/playbar/PlaybarIcons/Play.png"/> 
<file href="assets/playbar/PlaybarIcons/Progress.png"/> 
<file href="assets/playbar/PlaybarIcons/Rewind.png"/> 
<file href="assets/playbar/PlaybarIcons/Shade.png"/> 
<file href="assets/playbar/PlaybarIcons/ShadeSmall.png"/> 
<file href="assets/playbar/PlaybarIcons/Stroke.png"/> 
<file href="assets/playbar/PlaybarIcons/StrokeSmall.png"/> 
<file href="assets/playbar/PlaybarIcons/TOC.png"/> 
<file href="assets/playbar/PlaybarIcons/Thumb.png"/> 
<file href="assets/playbar/PlaybarIcons/ThumbBase.png"/> 
<file href="assets/playbar/playbarScript.js"/> 
<file href="assets/toc/tocIcons/blankBookmark.png"/> 
<file href="assets/toc/tocIcons/clear.png"/> 
<file href="assets/toc/tocIcons/expander.png"/> 
<file href="assets/toc/tocIcons/fullBookmark.png"/> 
<file href="assets/toc/tocIcons/go.png"/> 
<file href="assets/toc/tocIcons/infoClose.png"/> 
<file href="assets/toc/tocIcons/moreinfo.png"/> 
<file href="assets/toc/tocIcons/searchBtnNormal.png"/> 
<file href="assets/toc/tocIcons/searchBtnSelect.png"/> 
<file href="assets/toc/tocIcons/visited.png"/> 
<file href="dr/26582.svg"/> 
<file href="dr/98464.svg"/> 
<file href="dr/99763.svg"/> 
<file href="dr/img1.json"/> 
<file href="dr/img2.json"/> 
<file href="dr/img3.json"/> 
<file href="dr/img4.json"/> 
<file href="dr/imgmd.json"/> 
<file href="dr/loading.gif"/> 
<file href="goodbye.html"/> 
<file href="index_scorm.html"/> 
<file href="project.txt"/> 
<file href="wr/w_139795/Widget_139795.htm"/> 
<file href="wr/w_139795/images/Theme1.png"/> 
<file href="wr/w_139795/images/Theme10.png"/> 
<file href="wr/w_139795/images/Theme11.png"/> 
<file href="wr/w_139795/images/Theme12.png"/> 
<file href="wr/w_139795/images/Theme13.png"/> 
<file href="wr/w_139795/images/Theme14.png"/> 
<file href="wr/w_139795/images/Theme15.png"/> 
<file href="wr/w_139795/images/Theme16.png"/> 
<file href="wr/w_139795/images/Theme17.png"/> 
<file href="wr/w_139795/images/Theme18.png"/> 
<file href="wr/w_139795/images/Theme1_Header.png"/> 
<file href="wr/w_139795/images/Theme2.png"/> 
<file href="wr/w_139795/images/Theme3.png"/> 
<file href="wr/w_139795/images/Theme4.png"/> 
<file href="wr/w_139795/images/Theme5.png"/> 
<file href="wr/w_139795/images/Theme6.png"/> 
<file href="wr/w_139795/images/Theme7.png"/> 
<file href="wr/w_139795/images/Theme8.png"/> 
<file href="wr/w_139795/images/Theme9.png"/> 
<file href="wr/w_139795/images/printer-button.jpg"/> 
<file href="wr/w_139795/scripts/_global.js"/> 
<file href="wr/w_139795/scripts/certificateScripts.js"/> 
<file href="wr/w_139795/scripts/certificate_use.js"/> 
<file href="wr/w_139795/scripts/disableTextSelect.js"/> 
<file href="wr/w_139795/scripts/easeljs-0.7.0.min.js"/> 
<file href="wr/w_139795/scripts/hammer.min.js"/> 
<file href="wr/w_139795/scripts/jqbrowser-compressed.js"/> 
<file href="wr/w_139795/scripts/popup.js"/> 
<file href="wr/w_139795/themes/certificateTheme1.css"/> 
<file href="wr/w_139795/themes/certificateTheme10.css"/> 
<file href="wr/w_139795/themes/certificateTheme11.css"/> 
<file href="wr/w_139795/themes/certificateTheme12.css"/> 
<file href="wr/w_139795/themes/certificateTheme13.css"/> 
<file href="wr/w_139795/themes/certificateTheme14.css"/> 
<file href="wr/w_139795/themes/certificateTheme15.css"/> 
<file href="wr/w_139795/themes/certificateTheme16.css"/> 
<file href="wr/w_139795/themes/certificateTheme17.css"/> 
<file href="wr/w_139795/themes/certificateTheme18.css"/> 
<file href="wr/w_139795/themes/certificateTheme2.css"/> 
<file href="wr/w_139795/themes/certificateTheme3.css"/> 
<file href="wr/w_139795/themes/certificateTheme4.css"/> 
<file href="wr/w_139795/themes/certificateTheme5.css"/> 
<file href="wr/w_139795/themes/certificateTheme6.css"/> 
<file href="wr/w_139795/themes/certificateTheme7.css"/> 
<file href="wr/w_139795/themes/certificateTheme8.css"/> 
<file href="wr/w_139795/themes/certificateTheme9.css"/> 
<file href="wr/w_139795/themes/dummy.css"/> 
<file href="wr/w_139795/themes/dummyHeader.css"/> 
<file href="wr/w_139795/themes/headerTheme1.css"/> 
<file href="wr/w_139795/themes/headerTheme2.css"/> 
<file href="wr/w_139795/themes/headerTheme3.css"/> 
<file href="wr/w_139795/themes/jScroll.css"/> 
<file href="wr/w_139795/themes/print.css"/> 
<file href="wr/w_139841/Widget_139841.htm"/> 
<file href="wr/w_139841/images/Theme1.png"/> 
<file href="wr/w_139841/images/Theme10.png"/> 
<file href="wr/w_139841/images/Theme11.png"/> 
<file href="wr/w_139841/images/Theme12.png"/> 
<file href="wr/w_139841/images/Theme13.png"/> 
<file href="wr/w_139841/images/Theme14.png"/> 
<file href="wr/w_139841/images/Theme15.png"/> 
<file href="wr/w_139841/images/Theme16.png"/> 
<file href="wr/w_139841/images/Theme17.png"/> 
<file href="wr/w_139841/images/Theme18.png"/> 
<file href="wr/w_139841/images/Theme1_Header.png"/> 
<file href="wr/w_139841/images/Theme2.png"/> 
<file href="wr/w_139841/images/Theme3.png"/> 
<file href="wr/w_139841/images/Theme4.png"/> 
<file href="wr/w_139841/images/Theme5.png"/> 
<file href="wr/w_139841/images/Theme6.png"/> 
<file href="wr/w_139841/images/Theme7.png"/> 
<file href="wr/w_139841/images/Theme8.png"/> 
<file href="wr/w_139841/images/Theme9.png"/> 
<file href="wr/w_139841/images/printer-button.jpg"/> 
<file href="wr/w_139841/scripts/_global.js"/> 
<file href="wr/w_139841/scripts/certificateScripts.js"/> 
<file href="wr/w_139841/scripts/certificate_use.js"/> 
<file href="wr/w_139841/scripts/disableTextSelect.js"/> 
<file href="wr/w_139841/scripts/easeljs-0.7.0.min.js"/> 
<file href="wr/w_139841/scripts/hammer.min.js"/> 
<file href="wr/w_139841/scripts/jqbrowser-compressed.js"/> 
<file href="wr/w_139841/scripts/popup.js"/> 
<file href="wr/w_139841/themes/certificateTheme1.css"/> 
<file href="wr/w_139841/themes/certificateTheme10.css"/> 
<file href="wr/w_139841/themes/certificateTheme11.css"/> 
<file href="wr/w_139841/themes/certificateTheme12.css"/> 
<file href="wr/w_139841/themes/certificateTheme13.css"/> 
<file href="wr/w_139841/themes/certificateTheme14.css"/> 
<file href="wr/w_139841/themes/certificateTheme15.css"/> 
<file href="wr/w_139841/themes/certificateTheme16.css"/> 
<file href="wr/w_139841/themes/certificateTheme17.css"/> 
<file href="wr/w_139841/themes/certificateTheme18.css"/> 
<file href="wr/w_139841/themes/certificateTheme2.css"/> 
<file href="wr/w_139841/themes/certificateTheme3.css"/> 
<file href="wr/w_139841/themes/certificateTheme4.css"/> 
<file href="wr/w_139841/themes/certificateTheme5.css"/> 
<file href="wr/w_139841/themes/certificateTheme6.css"/> 
<file href="wr/w_139841/themes/certificateTheme7.css"/> 
<file href="wr/w_139841/themes/certificateTheme8.css"/> 
<file href="wr/w_139841/themes/certificateTheme9.css"/> 
<file href="wr/w_139841/themes/dummy.css"/> 
<file href="wr/w_139841/themes/dummyHeader.css"/> 
<file href="wr/w_139841/themes/headerTheme1.css"/> 
<file href="wr/w_139841/themes/headerTheme2.css"/> 
<file href="wr/w_139841/themes/headerTheme3.css"/> 
<file href="wr/w_139841/themes/jScroll.css"/> 
<file href="wr/w_139841/themes/print.css"/> 
<file href="Utilities.js"/> 
		</resource>
	</resources>
</manifest>
